Year,Debit,Credit,Net,Remarks,Cluster,Label,Remarks_cleaned
FY23,30000.0,0,30000.0,"Services Professional Services , Consultancy Architects Services Design at Ameni",2,Material,services professional services consultancy architects services design at ameni
FY23,270000.0,0,270000.0,"Services Professional Services , Consultancy Architects Services Design at Ameni",2,Material,services professional services consultancy architects services design at ameni
FY23,250000.0,0,250000.0,Exp reclass entry in N2 (Godrej),0,Services,exp reclass entry in n2 godrej
FY23,14500.0,0,14500.0,Dispenser Water - Frosty plus - (Make - Atlantis),0,Services,dispenser water frosty plus make atlantis
FY23,59400.0,0,59400.0,"Almirah - Office use , Steel Almirah with four shelves making five Compartment,",0,Services,almirah office use steel almirah with four shelves making five compartment
FY23,59400.0,0,59400.0,"701257471208 Almirah - Office use , Steel Almirah with four shelves making five Compartment,",0,Services,almirah office use steel almirah with four shelves making five compartment
FY23,12400.0,0,12400.0,Dispenser Water - Frosty plus - (Make - Atlantis),0,Services,dispenser water frosty plus make atlantis
FY23,12735479.0,0,12735479.0,Space matrix Cost T/f from project Upgradation of Toilets as G.F & 1st Floor (Interior & MEP Work of Accenture) Period-03/01/2022 to 15/03/2022 for Inv No RA-1(9312225024) Dt-15/03/2022 against WO/PO no SDPL/OP/2021/Dec/3653 Dt-03/01/2022 For T-3 For Code,1,Equipment,space matrix cost tf from project upgradation of toilets as gf 1st floor interior mep work of accenture period to for inv no ra dt against wopo no sdplopdec dt for t for code
FY23,315000.0,0,315000.0,Provision reclass of Godrej May22,0,Services,provision reclass of godrej may22
FY23,30200.0,0,30200.0,1.5 Tr. Split AC - 2 Star - Non Inverter ( Daikin ),1,Equipment,tr split ac star non inverter daikin
FY23,1700.0,0,1700.0,Installation Charges Of Split AC,1,Equipment,installation charges of split ac
FY23,5600.0,0,5600.0,Copper piping with 09MM Insulation- Mettube,2,Material,copper piping with 09mm insulation mettube
FY23,1000.0,0,1000.0,Electrical wiring 2.5 MM - 4 Core,2,Material,electrical wiring mm core
FY23,800.0,0,800.0,Drain Pipe 25 MM PVC with Insulation,0,Services,drain pipe mm pvc with insulation
FY23,800.0,0,800.0,MS Stand for wall hanging ODU,0,Services,ms stand for wall hanging odu
FY23,250000.0,0,250000.0,Consultancy Testing & Commissioning engineers/managers for – T11 HOTO,2,Material,consultancy testing commissioning engineersmanagers for t11 hoto
FY23,3000000.0,0,3000000.0,Interior and MEP work of Tower-3 GF & FF Atrium As per Attach Order,1,Equipment,interior and mep work of tower gf ff atrium as per attach order
FY23,3000000.0,0,3000000.0,Interior and MEP work of Tower-3 GF & FF Atrium As per Attach Order,1,Equipment,interior and mep work of tower gf ff atrium as per attach order
FY23,9000000.0,0,9000000.0,Interior and MEP work of Tower-3 GF & FF Atrium As per Attach Order,1,Equipment,interior and mep work of tower gf ff atrium as per attach order
FY23,53400.0,0,53400.0,SITC of Camera licence for Server (Exacqvision),1,Equipment,sitc of camera licence for server exacqvision
FY23,312000.0,0,312000.0,Services Civil Work- Providing and fixing M.S.  rack Size = 71” (H) x 36” (L) x,0,Services,services civil work providing and fixing ms rack size h x l x
FY23,46400.0,0,46400.0,Services Fire Fighting- FAS System-Supply installation testing and commissioning,2,Material,services fire fighting fas systemsupply installation testing and commissioning
FY23,4000.0,0,4000.0,Services Fire Fighting- FAS System-Supply installation testing and commissioning,2,Material,services fire fighting fas systemsupply installation testing and commissioning
FY23,9000.0,0,9000.0,Services Fire Fighting- FAS System- Hooter cum Strobe Lights with output 85 Db a,2,Material,services fire fighting fas system hooter cum strobe lights with output db a
FY23,63000.0,0,63000.0,"Services Fire Fighting- FAS System- Supply, Laying, Testing & Commissioning of o",2,Material,services fire fighting fas system supply laying testing commissioning of o
FY23,10000.0,0,10000.0,Services Carpentry- Providing and installing wooden receiving desk 6' x 4'  as p,1,Equipment,services carpentry providing and installing wooden receiving desk x as p
FY23,1498291.5,0,1498291.5,Re-Furnishment of Ground Floor & First Floor Toilets of Tower 3 As per attach Or,1,Equipment,refurnishment of ground floor first floor toilets of tower as per attach or
FY23,315000.0,0,315000.0,Provision reclass of Godrej May22,0,Services,provision reclass of godrej may22
FY23,27500.0,0,27500.0,"Eye Wash Portable Unit (EWP 07), Make - Euronics/equivalent, Size - 540mm*255mm*",0,Services,eye wash portable unit ewp make euronicsequivalent size 540mm255mm
FY23,201381.0,0,201381.0,Project Solutions24997Confined Space R,1,Equipment,project solutions24997confined space r
FY23,250000.0,0,250000.0,Consultancy Testing & Commissioning engi,2,Material,consultancy testing commissioning engi
FY23,12326372.5,0,12326372.5,Expense provision for the Month of Jun22,0,Services,expense provision for the month of jun22
FY23,11655.0,0,11655.0,Supply & fixing of MS Conduit Pipe,0,Services,supply fixing of ms conduit pipe
FY23,2724.0,0,2724.0,"""SITC NEC IP Phone Model IP7WW-8IPLD-C1 - 01 for Guest Bedroom Ground floor - 01",1,Equipment,sitc nec ip phone model ip7ww8ipldc1 for guest bedroom ground floor
FY23,3331.0,0,3331.0,"""SITC NEC IP Phone Model IP7WW-8IPLD-C1 - 01 for Guest Bedroom Ground floor - 01",1,Equipment,sitc nec ip phone model ip7ww8ipldc1 for guest bedroom ground floor
FY23,26180.0,0,26180.0,SITC of NEC PBXModel SL2100 Equipped with-  03 Analogue Trunk - 32 Hybrid Extens,1,Equipment,sitc of nec pbxmodel sl2100 equipped with analogue trunk hybrid extens
FY23,5950.0,0,5950.0,"""SITC of Valrack 15U Rack 5MMD with front glass door Accessories included in the",1,Equipment,sitc of valrack 15u rack 5mmd with front glass door accessories included in the
FY23,2800.0,0,2800.0,"SITC of Sub Rack, Patch Cords & Krone Modules",1,Equipment,sitc of sub rack patch cords krone modules
FY23,630.0,0,630.0,SITC Jumper Wire,1,Equipment,sitc jumper wire
FY23,4200.0,0,4200.0,SITC UPS 1KVA with 30 minutes Backup,1,Equipment,sitc ups 1kva with minutes backup
FY23,32375.0,0,32375.0,"""SITC Panasonic Analogue Telephone KX-T7705 with Stainless Steel Housing '-",1,Equipment,sitc panasonic analogue telephone kxt7705 with stainless steel housing
FY23,16450.0,0,16450.0,SITC Cisco 8 Port Managed PoE Switch,1,Equipment,sitc cisco port managed poe switch
FY23,17360.0,0,17360.0,Supply & Laying of Multi Mode 6 Core OFC Cable (Mtr),1,Equipment,supply laying of multi mode core ofc cable mtr
FY23,6720.0,0,6720.0,SITC Fully Loaded 6 Port LIU Box with 2 Pigtails,1,Equipment,sitc fully loaded port liu box with pigtails
FY23,4200.0,0,4200.0,SITC SFP Module,1,Equipment,sitc sfp module
FY23,1610.0,0,1610.0,SITC OFC Patch Cord,1,Equipment,sitc ofc patch cord
FY23,29890.0,0,29890.0,TV LED - 43LK 5260 - (Make - LG),1,Equipment,tv led 43lk make lg
FY23,749146.0,0,749146.0,Re-Furnishment of Ground Floor & First Floor Toilets of Tower 3 As per attach Or,1,Equipment,refurnishment of ground floor first floor toilets of tower as per attach or
FY23,11000.0,0,11000.0,"Eye Wash Portable Unit (EWP 07), Make - Euronics/equivalent, Size - 540mm*255mm*",0,Services,eye wash portable unit ewp make euronicsequivalent size 540mm255mm
FY23,16500.0,0,16500.0,"Eye Wash Portable Unit (EWP 07), Make - Euronics/equivalent, Size - 540mm*255mm*",0,Services,eye wash portable unit ewp make euronicsequivalent size 540mm255mm
FY23,172350.0,0,172350.0,"751267512109 Staff locker Industrial (Make - TATA MS steel CRC sheet), Type: 12 units with pa",0,Services,staff locker industrial make tata ms steel crc sheet type units with pa
FY23,3420441.0,0,3420441.0,Interior and MEP work of Tower-3 GF & FF Atrium As per Attach Order,1,Equipment,interior and mep work of tower gf ff atrium as per attach order
FY23,57450.0,0,57450.0,"741268532570 Staff locker Industrial (Make - TATA MS steel CRC sheet), Type: 12 units with pa",0,Services,staff locker industrial make tata ms steel crc sheet type units with pa
FY23,114900.0,0,114900.0,"781268531298 Staff locker Industrial (Make - TATA MS steel CRC sheet), Type: 12 units with pa",0,Services,staff locker industrial make tata ms steel crc sheet type units with pa
FY23,368000.0,0,368000.0,Exp transfer from R&M to CWIP_Nirvana,0,Services,exp transfer from rm to cwipnirvana
FY23,92000.0,0,92000.0,Extension for Consultancy Testing & Commissioning MEP engineers for – T11 HOTO,2,Material,extension for consultancy testing commissioning mep engineers for t11 hoto
FY23,46000.0,0,46000.0,Extension for Consultancy Testing & Commissioning MEP engineers for – T11 HOTO,2,Material,extension for consultancy testing commissioning mep engineers for t11 hoto
FY23,46000.0,0,46000.0,Extension for Consultancy Testing & Commissioning MEP engineers for – T11 HOTO,2,Material,extension for consultancy testing commissioning mep engineers for t11 hoto
FY23,90720.0,0,90720.0,"WC  03/07/2022 Supplying, fixing, testing and commissioning of chilled water pipes of 2"" MS ""C""",2,Material,wc supplying fixing testing and commissioning of chilled water pipes of ms c
FY23,15600.0,0,15600.0,"Supplying, fixing, testing and commissioning of chilled water pipes of 32mm MS """,2,Material,supplying fixing testing and commissioning of chilled water pipes of 32mm ms
FY23,42000.0,0,42000.0,"Insullation on 2"" dia pipe / valves with 19mm nitril foam closed cell elastomeri",0,Services,insullation on dia pipe valves with 19mm nitril foam closed cell elastomeri
FY23,9600.0,0,9600.0,Insullation on 32mm dia pipe / valves with 19mm nitril foam closed cell elastome,0,Services,insullation on 32mm dia pipe valves with 19mm nitril foam closed cell elastome
FY23,10500.0,0,10500.0,"SITC  MS Elbow 2""",0,Services,sitc ms elbow
FY23,6540.0,0,6540.0,"SITC  MS Elbow1.5""",0,Services,sitc ms elbow1
FY23,14300.0,0,14300.0,"Supply fabrication of MS Angel , Rod, Nut bolts, clamp, anchor fashtner required",0,Services,supply fabrication of ms angel rod nut bolts clamp anchor fashtner required
FY23,8925.0,0,8925.0,"upply installation of pipe PVC drain line pipe 1"" dia size along with necessary",0,Services,upply installation of pipe pvc drain line pipe dia size along with necessary
FY23,39000.0,0,39000.0,"Supply, drawing, testing and commissioning of electrical cable 3CX2.5sqmm copper",2,Material,supply drawing testing and commissioning of electrical cable 3cx25sqmm copper
FY23,98320.0,0,98320.0,"791272034814 Exhaust Fan Flame Poof - Wall mounted Flame proof exhaust fan, Size 18” - (make",0,Services,exhaust fan flame poof wall mounted flame proof exhaust fan size make
FY23,391770.0,0,391770.0,"Supply, Installation, testing and commissioning of Hi wall fan coil unit 2TR wit",2,Material,supply installation testing and commissioning of hi wall fan coil unit 2tr wit
FY23,8880.0,0,8880.0,"Supply, Installation, testing and commissioning of electrical On/Off switch, soc",2,Material,supply installation testing and commissioning of electrical onoff switch soc
FY23,14000.0,0,14000.0,"Supply, Installation, testing and commissioning of electrical MCB box 150mm x 13",2,Material,supply installation testing and commissioning of electrical mcb box 150mm x
FY23,17600.0,0,17600.0,Dismantling existing Aircool unit with shifting as per instruction,0,Services,dismantling existing aircool unit with shifting as per instruction
FY23,9800.0,0,9800.0,Charges For Scoffolding.,0,Services,charges for scoffolding
FY23,19000.0,0,19000.0,"Supply, drawing, testing and commissioning of electrical cable 3CX2.5sqmm copper",2,Material,supply drawing testing and commissioning of electrical cable 3cx25sqmm copper
FY23,25000.0,0,25000.0,"Supply, drawing, testing and commissioning of 40x50x40mm GI Cable tray for cabli",2,Material,supply drawing testing and commissioning of 40x50x40mm gi cable tray for cabli
FY23,110960.0,0,110960.0,"Supplying, fixing, testing and commissioning of chilled water pipes of 2"" MS ""C""",2,Material,supplying fixing testing and commissioning of chilled water pipes of ms c
FY23,26460.0,0,26460.0,"Supplying, fixing, testing and commissioning of chilled water pipes of 1.5""  MS",2,Material,supplying fixing testing and commissioning of chilled water pipes of ms
FY23,18000.0,0,18000.0,SITC of copper connection for AC unit with flares,2,Material,sitc of copper connection for ac unit with flares
FY23,76000.0,0,76000.0,"Insullation on 2"" dia pipe / valves with 19mm nitril foam closed cell elastomeri",0,Services,insullation on dia pipe valves with 19mm nitril foam closed cell elastomeri
FY23,19600.0,0,19600.0,"Insullation on 1.5"" dia pipe / valves with 19mm nitril foam closed cell elastome",0,Services,insullation on dia pipe valves with 19mm nitril foam closed cell elastome
FY23,4500.0,0,4500.0,"Strainer, Valves, Insullation with closed cell elastomeric nitrile rubber insula",0,Services,strainer valves insullation with closed cell elastomeric nitrile rubber insula
FY23,13500.0,0,13500.0,"Supply, Installation, testing and commissioning of 32mm with strainer valve PN 1",2,Material,supply installation testing and commissioning of 32mm with strainer valve pn
FY23,9000.0,0,9000.0,"Supply, Installation, testing and commissioning of 32mm with without strainer va",2,Material,supply installation testing and commissioning of 32mm with without strainer va
FY23,2000.0,0,2000.0,"SITC of AIR purge with fitting accessories make JCI/Castle  Size - 1/2""",0,Services,sitc of air purge with fitting accessories make jcicastle size
FY23,1600.0,0,1600.0,"SITC of ball valve with fitting accessories  1/2"" Make Sant/Leader",0,Services,sitc of ball valve with fitting accessories make santleader
FY23,6000.0,0,6000.0,"Supply installation of pipe PVC drain line  pipe 1"" dia size along with necessar",0,Services,supply installation of pipe pvc drain line pipe dia size along with necessar
FY23,19500.0,0,19500.0,"Supply fabrication of MS Angel , Rod, Nut bolts, clamp, anchor fashtner required",0,Services,supply fabrication of ms angel rod nut bolts clamp anchor fashtner required
FY23,15000.0,0,15000.0,"Charges for loading, unloading with freight charges .",0,Services,charges for loading unloading with freight charges
FY23,46000.0,0,46000.0,Extension for Consultancy Testing & Commissioning MEP engineers for – T11 HOTO,2,Material,extension for consultancy testing commissioning mep engineers for t11 hoto
FY23,177000.0,0,177000.0,MEP -HOTO of Tower 11A/MLCP,2,Material,mep hoto of tower 11amlcp
FY23,936000.0,0,936000.0,Exp transfer from R&M to CWIP_Nirvana,0,Services,exp transfer from rm to cwipnirvana
FY23,5374102.0,0,5374102.0,Upgradation of lobbies at G. Floor & 1st Floor in T-3,1,Equipment,upgradation of lobbies at g floor 1st floor in t
FY23,113050.0,0,113050.0,SITC of Glass Door PPE Box with three partitions & two shelves on the right and,1,Equipment,sitc of glass door ppe box with three partitions two shelves on the right and
FY23,72200.0,0,72200.0,"771275236990 Supply Insulation Tester - 5KV Digital Insulation Tester ,5 KV Insulation Tester Voltag",2,Material,supply insulation tester 5kv digital insulation tester kv insulation tester voltag
FY23,12400.0,0,12400.0,Supply ofDispenser Water - Frosty plus - (Make - Atlantis),0,Services,supply ofdispenser water frosty plus make atlantis
FY23,33000.0,0,33000.0,Water Cooler,0,Services,water cooler
FY23,15000.0,0,15000.0,Monobloc Pump,0,Services,monobloc pump
FY23,31000.0,0,31000.0,"SUPPLY OF  Wheel Chair, Wheel Chair Folding Type Dim : 42"" L x 22"" W x 36"" H with 17"" Seat",0,Services,supply of wheel chair wheel chair folding type dim l x w x h with seat
FY23,3291217.5,0,3291217.5,Expense Provision for Sep22,0,Services,expense provision for sep22
FY23,18500.0,0,18500.0,SITC of AV system for training room,1,Equipment,sitc of av system for training room
FY23,85000.0,0,85000.0,SITC of AV system for training room,1,Equipment,sitc of av system for training room
FY23,6000.0,0,6000.0,SITC of AV system for training room,1,Equipment,sitc of av system for training room
FY23,10200.0,0,10200.0,SITC of AV system for training room,1,Equipment,sitc of av system for training room
FY23,4400.0,0,4400.0,SITC of AV system for training room,1,Equipment,sitc of av system for training room
FY23,3800.0,0,3800.0,SITC of AV system for training room,1,Equipment,sitc of av system for training room
FY23,1398.0,0,1398.0,SITC of AV system for training room,1,Equipment,sitc of av system for training room
FY23,1260.0,0,1260.0,SITC of AV system for training room,1,Equipment,sitc of av system for training room
FY23,2302.0,0,2302.0,SITC of AV system for training room,1,Equipment,sitc of av system for training room
FY23,26100.0,0,26100.0,Tester RCD - Rated Tripping Current :- 10/20/30/200/300/500m,2,Material,tester rcd rated tripping current 500m
FY23,1450.0,0,1450.0,Tester LAN Cable- -Line Tester-D-Link,2,Material,tester lan cable line testerdlink
FY23,12750.0,0,12750.0,Camera CCTV -DS-2CD1323G0E-I-IP Dome Camera 2MP-Hikvision,1,Equipment,camera cctv ds2cd1323g0eiip dome camera 2mphikvision
FY23,5000.0,0,5000.0,Glass Plate- -Door release glass plate-Swastik,0,Services,glass plate door release glass plateswastik
FY23,1650.0,0,1650.0,Power adapter - ERD 12V 2A - 12 Volts 2 Amps power adapter for cameras,1,Equipment,power adapter erd 12v 2a volts amps power adapter for cameras
FY23,5820.0,0,5820.0,"Hard Drive Surveillance -Capacity - 1 TB, Make - Seagate",1,Equipment,hard drive surveillance capacity tb make seagate
FY23,12750.0,0,12750.0,"Hard Drive Surveillance -Capacity -  4 TB, Make - Seagate",1,Equipment,hard drive surveillance capacity tb make seagate
FY23,18825.0,0,18825.0,Cable Cat6 Network -Type-CAT6 23 AWG SOLID BARE COPPER 305 MTR A Box,1,Equipment,cable cat6 network typecat6 awg solid bare copper mtr a box
FY23,4680.0,0,4680.0,Module SFP - DEM-310GT - Fibre 1 G SFP module Single mode - (make - D-Link),1,Equipment,module sfp dem310gt fibre g sfp module single mode make dlink
FY23,13250.0,0,13250.0,UPS - Type:600VA (Make -APC),1,Equipment,ups type600va make apc
FY23,1800.0,0,1800.0,Crimping Tool- -Crimping Tool-D-Link,0,Services,crimping tool crimping tooldlink
FY23,3870.0,0,3870.0,711288384473 Camera CCTV -DS-2CE16D0T-ITPF-HD Bullet Camera 2MP with switch mode button-Hikvi,1,Equipment,camera cctv ds2ce16d0titpfhd bullet camera 2mp with switch mode buttonhikvi
FY23,2540.0,0,2540.0,Camera CCTV -DS-2CE76D0T-ITPFS-HD Dome Camera 2MP with switch mode button-Hikvis,1,Equipment,camera cctv ds2ce76d0titpfshd dome camera 2mp with switch mode buttonhikvis
FY23,10475.0,0,10475.0,"Hard Disk Drive- -6TB, Surveillance-Seagate",1,Equipment,hard disk drive 6tb surveillanceseagate
FY23,26000.0,0,26000.0,Camera CCTV -DS-2CD1023G0E-I-IP Bullet Camera 2MP-Hikvision,1,Equipment,camera cctv ds2cd1023g0eiip bullet camera 2mphikvision
FY23,177000.0,0,177000.0,MEP -HOTO of Tower 11A/MLCP,2,Material,mep hoto of tower 11amlcp
FY23,215000.0,0,215000.0,AIR OK PO 27245 SITC AirOK Air Cleaner for server room T11,1,Equipment,air ok po sitc airok air cleaner for server room t11
FY23,215000.0,0,215000.0,SITC of AirOK CG 1000 Air Cleaner(for server room) T-11,1,Equipment,sitc of airok cg air cleanerfor server room t
FY23,138600.0,0,138600.0,ABT Meter CTPT foundation and ALT Structure installation at UPPCL Substation.,1,Equipment,abt meter ctpt foundation and alt structure installation at uppcl substation
FY23,115002.0,0,115002.0,ABT Meter CTPT foundation and ALT Structure installation at UPPCL Substation.,1,Equipment,abt meter ctpt foundation and alt structure installation at uppcl substation
FY23,16500.0,0,16500.0,Spring Seesaw Two Seater NES 4410 Size 5.5 x 1 x 1.5 Ft.,0,Services,spring seesaw two seater nes size x x ft
FY23,32750.0,0,32750.0,Star Type MGRMS Seat NES 4205 Size 5 x 5 x 3 Ft.,0,Services,star type mgrms seat nes size x x ft
FY23,77850.0,0,77850.0,Multi Seater Swing NES 4110 Size 21 x 6 x 8 Ft.,0,Services,multi seater swing nes size x x ft
FY23,32550.0,0,32550.0,Toddler Slide NES 3801 Size 9 x 2 x 4.5 Ft.,0,Services,toddler slide nes size x x ft
FY23,48000.0,0,48000.0,Trf to Exp to Cwip 0183202223,0,Services,trf to exp to cwip
FY23,77850.0,0,77850.0,NAREMA PO 27725 Multi Seater Swing for creche,0,Services,narema po multi seater swing for creche
FY23,16500.0,0,16500.0,NAREMA PO 27725 Spring Seesaw Two Seater for creche,0,Services,narema po spring seesaw two seater for creche
FY23,32750.0,0,32750.0,NAREMA PO 27725 Star Type MGRMS Seat for creche,0,Services,narema po star type mgrms seat for creche
FY23,32550.0,0,32550.0,NAREMA PO 27725 Toddler Slide NES for creche,0,Services,narema po toddler slide nes for creche
FY23,8300.0,0,8300.0,PINNACLE PO 28151 Shoe Shine Machine T1 Qty02,0,Services,pinnacle po shoe shine machine t1 qty02
FY23,15000.0,0,15000.0,Dr Aqua PO 25956 RO water centralization mono block pumpT2,0,Services,dr aqua po ro water centralization mono block pumpt2
FY23,33000.0,0,33000.0,Dr Aqua PO 25956 RO water centralization water coolerT2,0,Services,dr aqua po ro water centralization water coolert2
FY23,132860.0,0,132860.0,EESS GLOBAL PO 26608 AV system for training room T2 Basement1,1,Equipment,eess global po av system for training room t2 basement1
FY23,15000.0,0,15000.0,Dr Aqua PO 25956 RO water centralization mono block pumpT3,0,Services,dr aqua po ro water centralization mono block pumpt3
FY23,33000.0,0,33000.0,Dr Aqua PO 25956 RO water centralization water coolerT3,0,Services,dr aqua po ro water centralization water coolert3
FY23,1836.0,0,1836.0,SITC - MS Conduit 25mm with accessories (AKG/BEC),1,Equipment,sitc ms conduit 25mm with accessories akgbec
FY23,5400.0,0,5400.0,SITC - Magnetic Lock LBS 600 BEL (BEL),1,Equipment,sitc magnetic lock lbs bel bel
FY23,900.0,0,900.0,SITC - 12Vdc 3Amp Power Supply (Protekt),1,Equipment,sitc 12vdc 3amp power supply protekt
FY23,175000.0,0,175000.0,SITC - Face Recognition Access Control Systems and proximity card (125 KHZ) (Vir,1,Equipment,sitc face recognition access control systems and proximity card khz vir
FY23,25600.0,0,25600.0,SITC - Software for Access Controller (Virdi/IDIS),1,Equipment,sitc software for access controller virdiidis
FY23,2200.0,0,2200.0,SITC - Exit Touchless Button with Box (Sek - 300 NT),1,Equipment,sitc exit touchless button with box sek nt
FY23,980.0,0,980.0,SITC of CAT-6 Cable (D-Link),1,Equipment,sitc of cat cable dlink
FY23,5900.0,0,5900.0,SITC - Surface Mount Door Closer (Dorma Kaba T72),1,Equipment,sitc surface mount door closer dorma kaba t72
FY23,1200.0,0,1200.0,SITC - 230 Vac 3 Pin Socket 6 Amp with Box (Anchor),1,Equipment,sitc vac pin socket amp with box anchor
FY23,1580.0,0,1580.0,SITC - 3 Core Cable 1.5 Sqmm (Polycab/Anchor),1,Equipment,sitc core cable sqmm polycabanchor
FY23,4150.0,0,4150.0,PINNACLE PO 28151 Shoe Shine Machine T5 Qty01,0,Services,pinnacle po shoe shine machine t5 qty01
FY23,4150.0,0,4150.0,PINNACLE PO 28151 Shoe Shine Machine T6 Qty01,0,Services,pinnacle po shoe shine machine t6 qty01
FY23,168000.0,0,168000.0,GIRI  Enterprises PO 27729 Chair Evacuation  T7 LG floorQty03,0,Services,giri enterprises po chair evacuation t7 lg floorqty03
FY23,4150.0,0,4150.0,PINNACLE PO 28151 Shoe Shine Machine T7 Qty01,0,Services,pinnacle po shoe shine machine t7 qty01
FY23,8400.0,0,8400.0,Supply and Installation of SS Table Tower-10 GF Lobby Reception (Date of WC-17-11-22),1,Equipment,supply and installation of ss table tower gf lobby reception date of wc
FY23,300.0,0,300.0,Freight,0,Services,freight
FY23,105000.0,0,105000.0,MMA DESIGN PO 27347 Chairs for food courtQty20,0,Services,mma design po chairs for food courtqty20
FY23,4150.0,0,4150.0,PINNACLE PO 28151 Shoe Shine Machine Aminity block Qty01,0,Services,pinnacle po shoe shine machine aminity block qty01
FY23,4150.0,0,4150.0,PINNACLE PO 28151 Shoe Shine Machine T11 Qty01,0,Services,pinnacle po shoe shine machine t11 qty01
FY23,210000.0,0,210000.0,"Supply, installation, testing and commissioning of air quality monitoring sensor",2,Material,supply installation testing and commissioning of air quality monitoring sensor
FY23,110000.0,0,110000.0,"""Customized Dynamic Dashboard development  one time charges for software develop",1,Equipment,customized dynamic dashboard development one time charges for software develop
FY23,235000.0,0,235000.0,"""Customization/modification and integration of developed dashboard charges as pe",1,Equipment,customizationmodification and integration of developed dashboard charges as pe
FY23,1050000.0,0,1050000.0,"""Supply , Installation, testing  and Commissioning of LED TV 55'inch with Androi",2,Material,supply installation testing and commissioning of led tv inch with androi
FY23,13800.0,0,13800.0,"""Web Portal Access Charges Per year includes A)24x7 data storage in dedicated ID",1,Equipment,web portal access charges per year includes a24x7 data storage in dedicated id
FY23,30000.0,0,30000.0,Dashboard maintenance charges (per year) Includes Cloud charges for data storage,1,Equipment,dashboard maintenance charges per year includes cloud charges for data storage
FY23,168000.0,0,168000.0,"751296401063 Supply of  Chair Evacuation  T-7 LG floor  (300 H), Make - Evac+Chair, Height: 1050mm(folded) ; Width: 520",0,Services,supply of chair evacuation t lg floor h make evacchair height 1050mmfolded width
FY23,35000.0,0,35000.0,"Air Blower with Exhausts Unit - 1200M,  Heavy duty power coated Armor sheet hous",0,Services,air blower with exhausts unit 1200m heavy duty power coated armor sheet hous
FY23,100000.0,0,100000.0,721298711734 Chair - PP Shell with wooden legs for Food court,0,Services,chair pp shell with wooden legs for food court
FY23,5000.0,0,5000.0,REIMBURESMENT OF  Freight & Cartridge of purchase of chair for food court,0,Services,reimburesment of freight cartridge of purchase of chair for food court
FY23,29050.0,0,29050.0,"Automatic shoe polish machine Metal Tower,1,(6,5,7,11 & Aminity block)(T1-2 machine rest of tower Uesd 1 Machine (Material Recd. on 28-11-22)",0,Services,automatic shoe polish machine metal tower aminity blockt1 machine rest of tower uesd machine material recd on
FY23,277500.0,0,277500.0,"791304018728  tower 1,11,11a,6,7,8,9 total unit breaker (7,17,24,2,1,16,28)(,Supply of unit 150 Extinguisher Fire - Size: 6 Kgs., Type: ABC, UL Powder, MAP-90, ISI marked, BIS",0,Services,tower 11a total unit breaker supply of unit extinguisher fire size kgs type abc ul powder map isi marked bis
FY23,237500.0,0,237500.0,"741304022287 (tower -11,11a,6, unit(30+65+5)Extinguisher Fire - Size: 4.5 Kgs., Type: CO2 , ISI marked, BIS certified - (Mak",0,Services,tower 11a unitextinguisher fire size kgs type co2 isi marked bis certified mak
FY23,92500.0,0,92500.0,"Extinguisher Fire - Size: 6 Kgs., Type: ABC, UL Powder, MAP-90, ISI marked, BIS",0,Services,extinguisher fire size kgs type abc ul powder map isi marked bis
FY23,36697.5,0,36697.5,"Tower-2,5,6,7, each used 1, Amenity block used 2 Sanitary Pad & Sanitary Pouch Dispenser - ESN05 - 304 Grade ,stainless steel",0,Services,tower each used amenity block used sanitary pad sanitary pouch dispenser esn05 grade stainless steel
FY23,29992.5,0,29992.5,Amenity Block Baby Diaper changing station - Stainless Steel #304 Satin Finish Dimension: 905m,0,Services,amenity block baby diaper changing station stainless steel satin finish dimension 905m
FY23,50000.0,0,50000.0,"Tower 6,4,11,1 Unit total 75 (48,1,25,1) Received 12/12/22 fire Extinguisher Fire - Size: 45 Ltrs., Type: M/Foam Cartridge,  ISI marked, BIS cer",0,Services,tower unit total received fire extinguisher fire size ltrs type mfoam cartridge isi marked bis cer
FY23,16800.0,0,16800.0,"Extinguisher Fire - Size: 9 Ltrs. , Type: Water Stored Pressure, ISI marked, BIS",0,Services,extinguisher fire size ltrs type water stored pressure isi marked bis
FY23,123000.0,0,123000.0,"Extinguisher Fire - Size: 9 Ltrs., Type: M/Foam Stored Pressure,  ISI marked, BI",0,Services,extinguisher fire size ltrs type mfoam stored pressure isi marked bi
FY23,23500.0,0,23500.0,Supply of hand pallet received date13/12/22,0,Services,supply of hand pallet received date13
FY23,67500.0,0,67500.0,301536364959 Supply of 3 POS  Machine(moveable item),0,Services,supply of pos machinemoveable item
FY23,24000.0,0,24000.0,SAFETY PO 27589 Exhaust Fan  Flexible Duct for Fire  SafetyQty02,0,Services,safety po exhaust fan flexible duct for fire safetyqty02
FY23,10510330.4,0,10510330.4,Expense Provision for Dec22,0,Services,expense provision for dec22
FY23,150000.0,0,150000.0,AAZTEC PO 28225 Digital Directory LED Ki,1,Equipment,aaztec po digital directory led ki
FY23,150000.0,0,150000.0,AAZTEC PO 28225 Digital Directory LED Ki,1,Equipment,aaztec po digital directory led ki
FY23,150000.0,0,150000.0,AAZTEC PO 28225 Digital Directory LED Ki,1,Equipment,aaztec po digital directory led ki
FY23,150000.0,0,150000.0,AAZTEC PO 28225 Digital Directory LED Ki,1,Equipment,aaztec po digital directory led ki
FY23,150000.0,0,150000.0,AAZTEC PO 28225 Digital Directory LED Ki,1,Equipment,aaztec po digital directory led ki
FY23,150000.0,0,150000.0,AAZTEC PO 28225 Digital Directory LED Ki,1,Equipment,aaztec po digital directory led ki
FY23,18000.0,0,18000.0,"WC 23122022 SITC of Digital Directory, LED Kiosk T-5 To T-10",1,Equipment,wc sitc of digital directory led kiosk t to t
FY23,882000.0,0,882000.0,"WC 23122022 SITC of Digital Directory, LED Kiosk T-5 To T-10",1,Equipment,wc sitc of digital directory led kiosk t to t
FY23,130950.0,0,130950.0,"SITC of Washroom Odor Hygiene  Scent Diffuser, Model: Sens Pro  Coverage: 100-60",0,Services,sitc of washroom odor hygiene scent diffuser model sens pro coverage
FY23,34800.0,0,34800.0,Air Diffusion Fragrance Oil 1 Ltr Commercial Grade with certified air care use,0,Services,air diffusion fragrance oil ltr commercial grade with certified air care use
FY23,53600.0,0,53600.0,"SITC of AHU Connectable Scent Diffuser, Model: SH5000 Material: Metal Coverage:",0,Services,sitc of ahu connectable scent diffuser model sh5000 material metal coverage
FY23,211500.0,0,211500.0,"SITC of Non AHU Type Scent Diffuser, Model: SHT2500 Material: Metal Coverage: 25",0,Services,sitc of non ahu type scent diffuser model sht2500 material metal coverage
FY23,3550.0,0,3550.0,Chair - PP Shell with wooden legs for Food court(DOR- 16-12-22),0,Services,chair pp shell with wooden legs for food courtdor
FY23,5242.5,0,5242.5,EURONICS PO 28319 Sanitary Pad Dispenser Qty 01,0,Services,euronics po sanitary pad dispenser qty
FY23,5242.5,0,5242.5,EURONICS PO 28319 Sanitary Pad Dispenser Qty 01,0,Services,euronics po sanitary pad dispenser qty
FY23,41500.0,0,41500.0,"WC  18/01/23 SITC of Network Rack (T-5  GROUND FLOOR)- 42U Rack Enclosure Frame- 800X800-Steel with Accessories Like Fan, PDU, Cable Manager and complete as required"" (D-Link)",1,Equipment,wc sitc of network rack t ground floor 42u rack enclosure frame 800x800steel with accessories like fan pdu cable manager and complete as required dlink
FY23,41500.0,0,41500.0,"WC  18/01/23 SITC of Network Rack (T-5  GROUND FLOOR)- 42U Rack Enclosure Frame- 800X800-Steel with Accessories Like Fan, PDU, Cable Manager and complete as required"" (D-Link)",1,Equipment,wc sitc of network rack t ground floor 42u rack enclosure frame 800x800steel with accessories like fan pdu cable manager and complete as required dlink
FY23,830.0,0,830.0,:PO Number 28384,0,Services,po number
FY23,41500.0,0,41500.0,"WC  18/01/23 SITC of Network Rack (T-5  GROUND FLOOR)- 42U Rack Enclosure Frame- 800X800-Steel with Accessories Like Fan, PDU, Cable Manager and complete as required"" (D-Link)",1,Equipment,wc sitc of network rack t ground floor 42u rack enclosure frame 800x800steel with accessories like fan pdu cable manager and complete as required dlink
FY23,41500.0,0,41500.0,"WC  18/01/23 SITC of Network Rack (T-5  GROUND FLOOR)- 42U Rack Enclosure Frame- 800X800-Steel with Accessories Like Fan, PDU, Cable Manager and complete as required"" (D-Link)",1,Equipment,wc sitc of network rack t ground floor 42u rack enclosure frame 800x800steel with accessories like fan pdu cable manager and complete as required dlink
FY23,830.0,0,830.0,:PO Number 28384,0,Services,po number
FY23,830.0,0,830.0,:PO Number 28384,0,Services,po number
FY23,5242.5,0,5242.5,EURONICS PO 28319 Sanitary Pad Dispenser Qty 01,0,Services,euronics po sanitary pad dispenser qty
FY23,5242.5,0,5242.5,EURONICS PO 28319 Sanitary Pad Dispenser Qty 01,0,Services,euronics po sanitary pad dispenser qty
FY23,30200.0,0,30200.0,GLOBAL COM PO 29025 Projector for ESTATE OFFICE,1,Equipment,global com po projector for estate office
FY23,5242.5,0,5242.5,EURONICS PO 28319 Sanitary Pad Dispenser Qty 01,0,Services,euronics po sanitary pad dispenser qty
FY23,200000.0,0,200000.0,Consultancy Testing & Commissioning engineers/managers for – T11 HOTO,2,Material,consultancy testing commissioning engineersmanagers for t11 hoto
FY23,177000.0,0,177000.0,MEP -HOTO of Tower 11A/MLCP,2,Material,mep hoto of tower 11amlcp
FY23,72000.0,0,72000.0,Supply installation testing and commissioning of air quality monitoring sensor (,2,Material,supply installation testing and commissioning of air quality monitoring sensor
FY23,94000.0,0,94000.0,SITC of Customized Dynamic Dashboard development charges which will be compatibl,1,Equipment,sitc of customized dynamic dashboard development charges which will be compatibl
FY23,120000.0,0,120000.0,Supply Installtion and Commissioning of Android media player for Digital Signage,1,Equipment,supply installtion and commissioning of android media player for digital signage
FY23,4600.0,0,4600.0,SITC of Web Portal Access Charges Per year includes  A)24x7 data storage in dedi,1,Equipment,sitc of web portal access charges per year includes a24x7 data storage in dedi
FY23,10000.0,0,10000.0,SITC of Dashboard maintenance charges (per year) Includes Cloud charges for data,1,Equipment,sitc of dashboard maintenance charges per year includes cloud charges for data
FY23,66900.0,0,66900.0,461305751392 Supply of Chair PP Shell with wooden legs for Food court,0,Services,supply of chair pp shell with wooden legs for food court
FY23,30200.0,0,30200.0,SUPPLY Projector ESTATE OFFICE  - Projector - EB-E01 - Epson Projector - (MAKE - Epson) DOR-04-02-23,0,Services,supply projector estate office projector ebe01 epson projector make epson dor
FY23,66900.0,0,66900.0,Narema PO 28720 Chairs for food court,0,Services,narema po chairs for food court
FY23,29992.5,0,29992.5,EURONICS PO 28319 Baby Diaper changing station QTY 01,0,Services,euronics po baby diaper changing station qty
FY23,10485.0,0,10485.0,EURONICS PO 28319 Sanitary Pad Dispenser Qty 02,0,Services,euronics po sanitary pad dispenser qty
FY23,75150.0,0,75150.0,GLOBAL ENGINEERING 28216 AQI monitoring,2,Material,global engineering aqi monitoring
FY23,75150.0,0,75150.0,GLOBAL ENGINEERING 28216 AQI monitoring,2,Material,global engineering aqi monitoring
FY23,39337.5,0,39337.5,EURONICS 29187 AUTOMATIC HAND DRYER wash,0,Services,euronics automatic hand dryer wash
FY23,86212.5,0,86212.5,EURONICS 29376 Automatic Paper Dispenser,0,Services,euronics automatic paper dispenser
FY23,75150.0,0,75150.0,GLOBAL ENGINEERING 28216 AQI monitoring,2,Material,global engineering aqi monitoring
FY23,7867.5,0,7867.5,EURONICS 29187 AUTOMATIC HAND DRYER Driv,0,Services,euronics automatic hand dryer driv
FY23,75150.0,0,75150.0,GLOBAL ENGINEERING 28216 AQI monitoring,2,Material,global engineering aqi monitoring
FY23,7867.5,0,7867.5,EURONICS 29187 AUTOMATIC HAND DRYER wash,0,Services,euronics automatic hand dryer wash
FY23,274800.0,0,274800.0,GLOBAL ENGINEERING 27119 AQI monitoring,2,Material,global engineering aqi monitoring
FY23,274800.0,0,274800.0,GLOBAL ENGINEERING 27119 AQI monitoring,2,Material,global engineering aqi monitoring
FY23,7867.5,0,7867.5,EURONICS 29187 AUTOMATIC HAND DRYER wash,0,Services,euronics automatic hand dryer wash
FY23,274800.0,0,274800.0,GLOBAL ENGINEERING 27119 AQI monitoring,2,Material,global engineering aqi monitoring
FY23,274800.0,0,274800.0,GLOBAL ENGINEERING 27119 AQI monitoring,2,Material,global engineering aqi monitoring
FY23,274800.0,0,274800.0,GLOBAL ENGINEERING 27119 AQI monitoring,2,Material,global engineering aqi monitoring
FY23,274800.0,0,274800.0,GLOBAL ENGINEERING 27119 AQI monitoring,2,Material,global engineering aqi monitoring
FY23,284903.5,0,284903.5,SITC of converting Ph-1 analog CCTV camera into IP camera (Company-Siemens),1,Equipment,sitc of converting ph analog cctv camera into ip camera companysiemens
FY23,48748.0,0,48748.0,"Supply, Installation, Testing & Commissioning of 8TB Surveillance Internal Hard",2,Material,supply installation testing commissioning of 8tb surveillance internal hard
FY23,33306.0,0,33306.0,Supply of CAT 6Giga speed unshielded twisted pair computer cable with 23 AWG sol,2,Material,supply of cat 6giga speed unshielded twisted pair computer cable with awg sol
FY23,13181.7,0,13181.7,"Supply, Installation, Testing and commissioning of 9U Network Rack  with PDU, ca",2,Material,supply installation testing and commissioning of 9u network rack with pdu ca
FY23,35329.0,0,35329.0,"Supply, installation, testing and commissioning of 43"" UHD TV. Vendor to select",2,Material,supply installation testing and commissioning of uhd tv vendor to select
FY23,29400.0,0,29400.0,"Supply, Installation, Testing & Commissioning of 6 Core Fiber cable single Mode",2,Material,supply installation testing commissioning of core fiber cable single mode
FY23,38752.0,0,38752.0,"Supply, Installation, Testing & Commissioning of Fiber  GiGa Bit SFP module 1 GL",2,Material,supply installation testing commissioning of fiber giga bit sfp module gl
FY23,21288.4,0,21288.4,"Supply, Installation, Testing & Commissioning of LIU 12 Core with splice tray an",2,Material,supply installation testing commissioning of liu core with splice tray an
FY23,3421.6,0,3421.6,"Supply, Installation, Testing & Commissioning of LC to LC Fiber Patch code 2 MTR",2,Material,supply installation testing commissioning of lc to lc fiber patch code mtr
FY23,5602.8,0,5602.8,"SITC of 500 VA offline UPS with 15 Mins of battery backup  (Microtek, Luminuous,",1,Equipment,sitc of va offline ups with mins of battery backup microtek luminuous
FY23,540.4,0,540.4,SITC of Wireless Mouse (Microsoft/ Logitech/ HP),1,Equipment,sitc of wireless mouse microsoft logitech hp
FY23,62755.0,0,62755.0,SITC of converting Ph-1 analog CCTV camera into IP camera (Company-Siemens),1,Equipment,sitc of converting ph analog cctv camera into ip camera companysiemens
FY23,68460.0,0,68460.0,"SITC of Ph-3 Terrace, basement & critical utilities CCTV camera",1,Equipment,sitc of ph terrace basement critical utilities cctv camera
FY23,68460.0,0,68460.0,"SITC of Ph-3 Terrace, basement & critical utilities CCTV camera",1,Equipment,sitc of ph terrace basement critical utilities cctv camera
FY23,78675.0,0,78675.0,301560800487 SUPPLY OF Hand Dryer - Hand Dryer -  EH270N - Euronics Hand Dryer EH270N - (MAKE - Euronics),0,Services,supply of hand dryer hand dryer eh270n euronics hand dryer eh270n make euronics
FY23,48600.0,0,48600.0,251550965284  Supply of camera Estate office,1,Equipment,supply of camera estate office
FY23,34000.0,0,34000.0,Ahuja - TZA 4000 DP (200 + 200 Watts),1,Equipment,ahuja tza dp watts
FY23,12120.0,0,12120.0,Ahuja - Sound Projector SP-5251T (25 Watts),0,Services,ahuja sound projector sp5251t watts
FY23,25600.0,0,25600.0,Ahuja - CSD 6303T (30 Watts),1,Equipment,ahuja csd 6303t watts
FY23,22500.0,0,22500.0,Wiring and installation,1,Equipment,wiring and installation
FY23,6000.0,0,6000.0,Android music device - Amkette,0,Services,android music device amkette
FY23,86212.5,0,86212.5,"311567205646 supply of  paper DISPENSER Tower -2 (Washroom) HRT (EP08S AC) - DISPENSER HRT (EP08S AC), Make - EURONICS, TYPE: AUTOMATIC HRT/PAPER TOWEL DISPENSER",0,Services,supply of paper dispenser tower washroom hrt ep08s ac dispenser hrt ep08s ac make euronics type automatic hrtpaper towel dispenser
FY23,86212.5,0,86212.5,"311567205646 supply of  paper DISPENSER Tower -2 (Washroom) HRT (EP08S AC) - DISPENSER HRT (EP08S AC), Make - EURONICS, TYPE: AUTOMATIC HRT/PAPER TOWEL DISPENSER",0,Services,supply of paper dispenser tower washroom hrt ep08s ac dispenser hrt ep08s ac make euronics type automatic hrtpaper towel dispenser
FY23,210565.6,0,210565.6,SITC of converting Ph-1 analog CCTV camera into IP camera (Company-Siemens),1,Equipment,sitc of converting ph analog cctv camera into ip camera companysiemens
FY23,177377.2,0,177377.2,"""Supply, Installation, Testing & Commissioning of Outdoor IP Fixed Bullet IR Cam",2,Material,supply installation testing commissioning of outdoor ip fixed bullet ir cam
FY23,162190.0,0,162190.0,"""Supply, Installation, Testing & Commissioning of 32ch Linux Network Video Recor",2,Material,supply installation testing commissioning of 32ch linux network video recor
FY23,10906240.85,0,10906240.85,Expense provision for Mar23,0,Services,expense provision for mar23
FY23,100220.0,0,100220.0,RADIOWALLA 29090 Music System at Food Co,1,Equipment,radiowalla music system at food co
FY23,15735.0,0,15735.0,EURONICS 29187 AUTOMATIC HAND DRYER Food,0,Services,euronics automatic hand dryer food
